timestamp,source,class,confidence,vehicle_id,plate_text
2025-10-09 22:46:39.578282,image,5,0.9241504669189453,1,
2025-10-09 22:46:39.578282,image,2,0.8840445876121521,2,
2025-10-09 22:46:39.578282,image,2,0.8601956963539124,3,
2025-10-09 22:46:39.578282,image,2,0.8443647623062134,4,
2025-10-09 22:46:39.578282,image,2,0.8080136775970459,5,
2025-10-09 22:46:39.578282,image,2,0.7838248610496521,6,
2025-10-09 22:46:39.578282,image,2,0.7629759311676025,7,
2025-10-09 22:46:39.578282,image,2,0.751724362373352,8,
2025-10-09 22:46:39.578282,image,2,0.7470383048057556,9,
2025-10-09 22:46:39.578282,image,2,0.7438309192657471,10,
2025-10-09 22:46:39.578282,image,2,0.7317755222320557,11,
2025-10-09 22:46:39.578282,image,2,0.7138511538505554,12,
2025-10-09 22:46:39.578282,image,2,0.6577243804931641,13,
2025-10-09 22:46:39.578282,image,2,0.6473932266235352,14,
2025-10-09 22:46:39.578282,image,0,0.5765566229820251,15,
2025-10-09 22:46:39.578282,image,0,0.571513831615448,16,
2025-10-09 22:46:39.578282,image,2,0.568810224533081,17,
2025-10-09 22:46:39.578282,image,2,0.5657350420951843,18,
2025-10-09 22:46:39.578282,image,2,0.5633336305618286,19,
2025-10-09 22:46:39.578282,image,5,0.5233058929443359,20,
2025-10-09 22:46:39.578282,image,3,0.5231184363365173,21,
2025-10-09 22:46:39.578282,image,2,0.5203661322593689,22,
2025-10-09 22:46:39.578282,image,7,0.478464812040329,23,
2025-10-09 22:46:39.578282,image,7,0.47033748030662537,24,
2025-10-09 22:46:39.578282,image,7,0.46592921018600464,25,
2025-10-09 22:46:39.578282,image,7,0.4489539861679077,26,
2025-10-09 22:46:39.578282,image,5,0.4030683934688568,27,
2025-10-09 22:46:39.578282,image,5,0.37785470485687256,28,
2025-10-09 22:46:39.578282,image,3,0.36490264534950256,29,
2025-10-09 22:46:39.578282,image,2,0.3359920084476471,30,
2025-10-09 22:46:39.578282,image,3,0.3347979485988617,31,
2025-10-09 22:46:39.578282,image,2,0.3120800256729126,32,
2025-10-09 22:46:39.578282,image,2,0.28039810061454773,33,
2025-10-09 22:51:55.739339,video,5,0.8602229952812195,34,
2025-10-09 22:51:55.739339,video,2,0.8506956696510315,35,
2025-10-09 22:51:55.739339,video,0,0.8453047275543213,36,
2025-10-09 22:51:55.739339,video,2,0.6614422798156738,37,
2025-10-09 22:51:55.739339,video,2,0.5245640277862549,38,
2025-10-09 22:51:55.739339,video,2,0.4818524122238159,39,
2025-10-09 22:51:55.739339,video,2,0.378052681684494,40,
2025-10-09 22:51:56.149566,video,2,0.9071593880653381,35,
2025-10-09 22:51:56.149566,video,5,0.9021579027175903,34,
2025-10-09 22:51:56.149566,video,0,0.851701557636261,36,
2025-10-09 22:51:56.149566,video,2,0.6682342886924744,39,
2025-10-09 22:51:56.149566,video,2,0.6631587743759155,37,
2025-10-09 22:51:56.149566,video,2,0.5519083738327026,40,
2025-10-09 22:51:56.149566,video,2,0.5430757999420166,38,
2025-10-09 22:51:56.583019,video,2,0.9071741104125977,35,
2025-10-09 22:51:56.583019,video,5,0.906596302986145,34,
2025-10-09 22:51:56.583019,video,0,0.8429580926895142,36,
2025-10-09 22:51:56.583019,video,2,0.6243963837623596,37,
2025-10-09 22:51:56.583019,video,2,0.6189583539962769,40,
2025-10-09 22:51:56.583019,video,2,0.5470205545425415,38,
2025-10-09 22:51:57.082276,video,5,0.901418924331665,34,
2025-10-09 22:51:57.082276,video,2,0.8947076201438904,35,
2025-10-09 22:51:57.082276,video,0,0.8605897426605225,36,
2025-10-09 22:51:57.082276,video,2,0.7287368178367615,40,
2025-10-09 22:51:57.082276,video,2,0.6160129308700562,37,
2025-10-09 22:51:57.082276,video,2,0.5536367893218994,38,
2025-10-09 22:51:57.498208,video,2,0.8883283138275146,35,
2025-10-09 22:51:57.498208,video,0,0.8610960245132446,36,
2025-10-09 22:51:57.498208,video,5,0.8605996370315552,34,
2025-10-09 22:51:57.498208,video,2,0.6902645230293274,37,
2025-10-09 22:51:57.498208,video,2,0.647271454334259,40,
2025-10-09 22:51:57.498208,video,2,0.4891407787799835,38,
2025-10-09 22:51:57.930307,video,2,0.9036926031112671,35,
2025-10-09 22:51:57.930307,video,0,0.8687812089920044,36,
2025-10-09 22:51:57.930307,video,5,0.8683871626853943,34,
2025-10-09 22:51:57.930307,video,2,0.6770567297935486,37,
2025-10-09 22:51:57.930307,video,2,0.6075733304023743,40,
2025-10-09 22:51:57.930307,video,2,0.45114490389823914,38,
2025-10-09 22:51:58.406330,video,2,0.9251004457473755,35,
2025-10-09 22:51:58.406330,video,0,0.8973953723907471,36,
2025-10-09 22:51:58.406330,video,5,0.8823267817497253,34,
2025-10-09 22:51:58.406330,video,2,0.6891754865646362,37,
2025-10-09 22:51:58.406330,video,2,0.48008468747138977,40,
2025-10-09 22:51:58.406330,video,2,0.39553749561309814,38,
2025-10-09 22:51:58.406330,video,0,0.2592838704586029,4,
2025-10-09 22:51:58.911817,video,2,0.9087198376655579,35,
2025-10-09 22:51:58.911817,video,0,0.8778108358383179,36,
2025-10-09 22:51:58.911817,video,2,0.8022337555885315,37,
2025-10-09 22:51:58.911817,video,5,0.7855801582336426,34,
2025-10-09 22:51:58.911817,video,2,0.6136705279350281,40,
2025-10-09 22:51:58.911817,video,2,0.44519859552383423,38,
2025-10-09 22:51:59.368819,video,2,0.926750659942627,35,
2025-10-09 22:51:59.368819,video,0,0.8847495913505554,36,
2025-10-09 22:51:59.368819,video,2,0.8395060300827026,37,
2025-10-09 22:51:59.368819,video,5,0.8301627039909363,34,
2025-10-09 22:51:59.368819,video,2,0.7215403318405151,40,
2025-10-09 22:51:59.368819,video,2,0.4803258180618286,38,
2025-10-09 22:51:59.817578,video,2,0.9074475169181824,35,
2025-10-09 22:51:59.817578,video,5,0.8767470717430115,34,
2025-10-09 22:51:59.817578,video,0,0.8562924265861511,36,
2025-10-09 22:51:59.817578,video,2,0.8288379311561584,37,
2025-10-09 22:51:59.817578,video,2,0.6877254247665405,40,
2025-10-09 22:51:59.817578,video,2,0.4965260624885559,38,
2025-10-09 22:52:00.296152,video,2,0.8820427656173706,35,
2025-10-09 22:52:00.296152,video,5,0.845881462097168,34,
2025-10-09 22:52:00.296152,video,0,0.8328007459640503,36,
2025-10-09 22:52:00.296152,video,2,0.8010291457176208,37,
2025-10-09 22:52:00.296152,video,2,0.6843000650405884,40,
2025-10-09 22:52:00.296152,video,2,0.4581000804901123,38,
2025-10-09 22:52:00.689950,video,2,0.8856334090232849,35,
2025-10-09 22:52:00.689950,video,0,0.8531684279441833,36,
2025-10-09 22:52:00.689950,video,5,0.8423716425895691,34,
2025-10-09 22:52:00.689950,video,2,0.8319147229194641,37,
2025-10-09 22:52:00.689950,video,2,0.658440887928009,40,
2025-10-09 22:52:00.689950,video,2,0.4344552159309387,38,
2025-10-09 22:52:01.109679,video,5,0.8853814005851746,34,
2025-10-09 22:52:01.109679,video,2,0.8695723414421082,35,
2025-10-09 22:52:01.109679,video,2,0.8484492301940918,37,
2025-10-09 22:52:01.109679,video,0,0.8288413286209106,36,
2025-10-09 22:52:01.109679,video,2,0.719869077205658,40,
2025-10-09 22:52:01.110676,video,2,0.46046727895736694,38,
2025-10-09 22:52:01.568615,video,2,0.8790261149406433,35,
2025-10-09 22:52:01.568615,video,2,0.8473553657531738,37,
2025-10-09 22:52:01.568615,video,5,0.8252381682395935,34,
2025-10-09 22:52:01.568615,video,0,0.8065795302391052,36,
2025-10-09 22:52:01.568615,video,2,0.6686808466911316,40,
2025-10-09 22:52:01.568615,video,2,0.4726755917072296,38,
2025-10-09 22:52:01.972164,video,2,0.8578625321388245,35,
2025-10-09 22:52:01.973162,video,2,0.8515674471855164,37,
2025-10-09 22:52:01.973162,video,5,0.82154780626297,34,
2025-10-09 22:52:01.973162,video,0,0.7806729078292847,36,
2025-10-09 22:52:01.973162,video,2,0.7028213739395142,40,
2025-10-09 22:52:01.973162,video,2,0.4855455756187439,38,
2025-10-09 22:52:02.406345,video,2,0.8531885743141174,37,
2025-10-09 22:52:02.406345,video,5,0.8389010429382324,34,
2025-10-09 22:52:02.406345,video,2,0.8225992321968079,35,
2025-10-09 22:52:02.406345,video,2,0.7683900594711304,40,
2025-10-09 22:52:02.406345,video,0,0.7671067118644714,36,
2025-10-09 22:52:02.406345,video,2,0.5412241816520691,38,
2025-10-09 22:52:02.406345,video,0,0.28436315059661865,41,
2025-10-09 22:52:02.874366,video,2,0.8701828718185425,37,
2025-10-09 22:52:02.874366,video,5,0.8651636838912964,34,
2025-10-09 22:52:02.874366,video,2,0.8243028521537781,35,
2025-10-09 22:52:02.874366,video,2,0.765801191329956,40,
2025-10-09 22:52:02.874366,video,0,0.7259466648101807,36,
2025-10-09 22:52:02.874366,video,2,0.4905969202518463,38,
2025-10-09 22:52:03.370023,video,2,0.8705129027366638,37,
2025-10-09 22:52:03.370023,video,2,0.8694382309913635,35,
2025-10-09 22:52:03.370023,video,5,0.7762900590896606,34,
2025-10-09 22:52:03.370023,video,2,0.744490921497345,40,
2025-10-09 22:52:03.370023,video,0,0.7291936278343201,36,
2025-10-09 22:52:03.370023,video,2,0.41724205017089844,38,
2025-10-09 22:52:03.862889,video,2,0.91652512550354,35,
2025-10-09 22:52:03.862889,video,2,0.8910322785377502,37,
2025-10-09 22:52:03.862889,video,5,0.8128847479820251,34,
2025-10-09 22:52:03.862889,video,2,0.757051944732666,40,
2025-10-09 22:52:03.862889,video,0,0.7352062463760376,36,
2025-10-09 22:52:03.862889,video,2,0.3597838282585144,38,
2025-10-09 22:52:04.375916,video,2,0.9024620652198792,35,
2025-10-09 22:52:04.375916,video,2,0.8769955635070801,37,
2025-10-09 22:52:04.375916,video,5,0.8558134436607361,34,
2025-10-09 22:52:04.375916,video,0,0.728405773639679,36,
2025-10-09 22:52:04.375916,video,2,0.7279303073883057,40,
2025-10-09 22:52:04.375916,video,2,0.5166237950325012,38,
2025-10-09 22:52:04.841260,video,2,0.9088156223297119,35,
2025-10-09 22:52:04.841260,video,2,0.8698246479034424,37,
2025-10-09 22:52:04.841260,video,5,0.8416842222213745,34,
2025-10-09 22:52:04.841260,video,0,0.7222224473953247,36,
2025-10-09 22:52:04.841260,video,2,0.6657665371894836,40,
2025-10-09 22:52:04.841260,video,2,0.5031010508537292,38,
2025-10-09 22:52:05.252529,video,5,0.8875691890716553,34,
2025-10-09 22:52:05.252529,video,2,0.8579735159873962,37,
2025-10-09 22:52:05.252529,video,2,0.8436517119407654,35,
2025-10-09 22:52:05.252529,video,0,0.7214530110359192,36,
2025-10-09 22:52:05.252529,video,2,0.6758266687393188,40,
2025-10-09 22:52:05.252529,video,2,0.4946257770061493,38,
2025-10-09 22:52:05.631781,video,2,0.8671510815620422,37,
2025-10-09 22:52:05.631781,video,2,0.8584562540054321,35,
2025-10-09 22:52:05.631781,video,5,0.8239941596984863,34,
2025-10-09 22:52:05.631781,video,2,0.7131772637367249,40,
2025-10-09 22:52:05.631781,video,0,0.7091313004493713,36,
2025-10-09 22:52:05.631781,video,2,0.5297552347183228,38,
2025-10-09 22:52:06.125363,video,2,0.8848565220832825,37,
2025-10-09 22:52:06.125363,video,2,0.7917776703834534,35,
2025-10-09 22:52:06.125363,video,5,0.7778224349021912,34,
2025-10-09 22:52:06.125363,video,0,0.7355244159698486,36,
2025-10-09 22:52:06.125363,video,2,0.727707028388977,40,
2025-10-09 22:52:06.125363,video,2,0.5010471343994141,38,
2025-10-09 22:52:06.125363,video,2,0.3417603075504303,42,
2025-10-09 22:52:06.125363,video,0,0.3290686309337616,4,
2025-10-09 22:52:06.512008,video,2,0.8815416097640991,37,
2025-10-09 22:52:06.512008,video,5,0.7785327434539795,34,
2025-10-09 22:52:06.512008,video,0,0.7537170052528381,36,
2025-10-09 22:52:06.512008,video,2,0.7409533262252808,40,
2025-10-09 22:52:06.512008,video,2,0.5599427223205566,35,
2025-10-09 22:52:06.512008,video,2,0.42903056740760803,38,
2025-10-09 22:52:06.512008,video,0,0.34918656945228577,4,
2025-10-09 22:52:06.959872,video,2,0.9030787348747253,37,
2025-10-09 22:52:06.959872,video,0,0.7559174299240112,36,
2025-10-09 22:52:06.959872,video,5,0.7206262350082397,34,
2025-10-09 22:52:06.960869,video,2,0.7076517343521118,40,
2025-10-09 22:52:06.960869,video,3,0.5305785536766052,39,
2025-10-09 22:52:06.960869,video,2,0.46482256054878235,38,
2025-10-09 22:52:06.960869,video,0,0.46216997504234314,4,
2025-10-09 22:52:07.302638,video,2,0.9116709232330322,37,
2025-10-09 22:52:07.302638,video,5,0.7858282327651978,34,
2025-10-09 22:52:07.302638,video,0,0.7407637238502502,36,
2025-10-09 22:52:07.302638,video,2,0.6775017380714417,40,
2025-10-09 22:52:07.302638,video,2,0.43175002932548523,38,
2025-10-09 22:52:07.302638,video,2,0.28519558906555176,39,
2025-10-09 22:52:07.738203,video,2,0.9272376894950867,37,
2025-10-09 22:52:07.738203,video,5,0.8064221739768982,34,
2025-10-09 22:52:07.738203,video,0,0.7473604083061218,36,
2025-10-09 22:52:07.738203,video,2,0.6848392486572266,40,
2025-10-09 22:52:07.738203,video,2,0.4714917540550232,38,
2025-10-09 22:52:07.738203,video,2,0.27250903844833374,43,
2025-10-09 22:52:08.099891,video,2,0.9072127342224121,37,
2025-10-09 22:52:08.099891,video,2,0.7405503392219543,40,
2025-10-09 22:52:08.099891,video,5,0.7116074562072754,34,
2025-10-09 22:52:08.099891,video,0,0.5051067471504211,36,
2025-10-09 22:52:08.099891,video,2,0.4607475697994232,38,
2025-10-09 22:52:08.552664,video,2,0.9248575568199158,37,
2025-10-09 22:52:08.552664,video,2,0.7575152516365051,40,
2025-10-09 22:52:08.552664,video,2,0.6026924848556519,44,
2025-10-09 22:52:08.552664,video,5,0.4797461926937103,34,
2025-10-09 22:52:08.552664,video,2,0.4605174958705902,38,
2025-10-09 22:52:08.552664,video,2,0.3103495240211487,43,
2025-10-09 22:52:08.552664,video,0,0.25757235288619995,45,
2025-10-09 22:52:09.028707,video,2,0.9052536487579346,37,
2025-10-09 22:52:09.028707,video,2,0.8100666403770447,40,
2025-10-09 22:52:09.028707,video,5,0.6399757862091064,34,
2025-10-09 22:52:09.028707,video,2,0.557722270488739,44,
2025-10-09 22:52:09.028707,video,2,0.3585337698459625,38,
2025-10-09 22:52:09.028707,video,2,0.32847705483436584,43,
2025-10-09 22:52:09.028707,video,2,0.30460256338119507,46,
2025-10-09 22:52:09.559049,video,2,0.9130409955978394,37,
2025-10-09 22:52:09.559049,video,2,0.831956148147583,40,
2025-10-09 22:52:09.559049,video,5,0.7518172264099121,34,
2025-10-09 22:52:09.559049,video,2,0.5002486705780029,47,
2025-10-09 22:52:09.559049,video,2,0.37988775968551636,38,
2025-10-09 22:52:09.559049,video,2,0.30692270398139954,44,
2025-10-09 22:52:09.559049,video,2,0.2901155352592468,46,
2025-10-09 22:52:10.009828,video,2,0.8900553584098816,37,
2025-10-09 22:52:10.009828,video,2,0.8441826701164246,47,
2025-10-09 22:52:10.009828,video,2,0.7769376039505005,40,
2025-10-09 22:52:10.009828,video,5,0.7531263828277588,34,
2025-10-09 22:52:10.009828,video,2,0.38282597064971924,46,
2025-10-09 22:52:10.009828,video,2,0.3089624345302582,38,
2025-10-09 22:52:10.417453,video,2,0.8866585493087769,37,
2025-10-09 22:52:10.417453,video,2,0.7638055682182312,40,
2025-10-09 22:52:10.417453,video,5,0.6207502484321594,34,
2025-10-09 22:52:10.417453,video,2,0.380778968334198,46,
2025-10-09 22:52:10.417453,video,2,0.3589407205581665,38,
2025-10-09 22:52:10.417453,video,2,0.3351319432258606,47,
2025-10-09 22:52:10.417453,video,2,0.316952645778656,43,
2025-10-09 22:52:10.902099,video,2,0.8991685509681702,42,
2025-10-09 22:52:10.902099,video,2,0.761347770690918,40,
2025-10-09 22:52:10.902099,video,2,0.7542281150817871,47,
2025-10-09 22:52:10.902099,video,2,0.5807986259460449,46,
2025-10-09 22:52:10.902099,video,5,0.5487587451934814,34,
2025-10-09 22:52:10.902099,video,2,0.46666356921195984,38,
2025-10-09 22:52:10.902099,video,2,0.33884197473526,43,
2025-10-09 22:52:10.902099,video,2,0.2769186794757843,48,
2025-10-09 22:52:11.548311,video,2,0.9361240863800049,42,
2025-10-09 22:52:11.548311,video,2,0.7729965448379517,40,
2025-10-09 22:52:11.548311,video,2,0.522954523563385,48,
2025-10-09 22:52:11.548311,video,2,0.4780478775501251,38,
2025-10-09 22:52:11.548311,video,5,0.4276350140571594,34,
2025-10-09 22:52:11.548311,video,2,0.4115447998046875,47,
2025-10-09 22:52:11.548311,video,5,0.3340032696723938,49,
2025-10-09 22:52:11.548311,video,2,0.2727796733379364,50,
2025-10-09 22:52:11.548311,video,2,0.26958468556404114,46,
2025-10-09 22:52:11.548311,video,5,0.26319584250450134,3,
2025-10-09 22:52:11.548311,video,2,0.25079146027565,43,
2025-10-09 22:52:12.120062,video,2,0.9135726094245911,42,
2025-10-09 22:52:12.120062,video,0,0.8219502568244934,51,
2025-10-09 22:52:12.120062,video,2,0.8201538324356079,40,
2025-10-09 22:52:12.120062,video,2,0.6635458469390869,49,
2025-10-09 22:52:12.120062,video,2,0.5151623487472534,38,
2025-10-09 22:52:12.120062,video,2,0.5070180892944336,46,
2025-10-09 22:52:12.120062,video,5,0.32242658734321594,34,
2025-10-09 22:52:12.120062,video,7,0.2999439835548401,3,
2025-10-09 22:52:12.735231,video,2,0.9182429909706116,42,
2025-10-09 22:52:12.735231,video,0,0.8274197578430176,51,
2025-10-09 22:52:12.735231,video,2,0.7850748300552368,40,
2025-10-09 22:52:12.735231,video,2,0.5153681635856628,38,
2025-10-09 22:52:12.735231,video,7,0.4690561592578888,4,
2025-10-09 22:52:12.735231,video,2,0.4637480080127716,48,
2025-10-09 22:52:12.735231,video,2,0.3781462013721466,46,
2025-10-09 22:52:12.735231,video,7,0.30680423974990845,34,
2025-10-09 22:52:12.735231,video,5,0.2778046429157257,3,
2025-10-09 22:52:13.329389,video,2,0.9035352468490601,42,
2025-10-09 22:52:13.329389,video,2,0.8533918261528015,40,
2025-10-09 22:52:13.329389,video,0,0.8210566639900208,51,
2025-10-09 22:52:13.329389,video,2,0.5700364112854004,48,
2025-10-09 22:52:13.329389,video,2,0.5416427850723267,38,
2025-10-09 22:52:13.329389,video,2,0.5318445563316345,52,
2025-10-09 22:52:13.329389,video,7,0.4265848994255066,4,
2025-10-09 22:52:13.329389,video,5,0.4218813478946686,3,
2025-10-09 22:52:13.329389,video,7,0.2852995991706848,34,
2025-10-09 22:52:13.939151,video,2,0.9172049760818481,42,
2025-10-09 22:52:13.939151,video,2,0.8331789970397949,40,
2025-10-09 22:52:13.939151,video,0,0.7569611072540283,51,
2025-10-09 22:52:13.939151,video,2,0.5902861952781677,48,
2025-10-09 22:52:13.939151,video,2,0.5395644307136536,38,
2025-10-09 22:52:13.939151,video,2,0.4501209855079651,4,
2025-10-09 22:52:13.939151,video,7,0.4490348994731903,4,
2025-10-09 22:52:13.939151,video,5,0.4186360836029053,3,
2025-10-09 22:52:13.939151,video,7,0.3125980496406555,34,
2025-10-09 22:52:14.401389,video,2,0.8961260318756104,42,
2025-10-09 22:52:14.401389,video,2,0.8549603819847107,40,
2025-10-09 22:52:14.401389,video,7,0.6064456701278687,4,
2025-10-09 22:52:14.401389,video,5,0.6008049249649048,3,
2025-10-09 22:52:14.401389,video,2,0.5908824801445007,48,
2025-10-09 22:52:14.401389,video,0,0.556823194026947,51,
2025-10-09 22:52:14.401389,video,2,0.4358944892883301,38,
2025-10-09 22:52:14.970553,video,2,0.8745603561401367,42,
2025-10-09 22:52:14.970553,video,2,0.8663620948791504,40,
2025-10-09 22:52:14.970553,video,2,0.6586362719535828,4,
2025-10-09 22:52:14.970553,video,2,0.569391131401062,48,
2025-10-09 22:52:14.970553,video,5,0.49924060702323914,34,
2025-10-09 22:52:14.970553,video,0,0.4427243769168854,51,
2025-10-09 22:52:14.970553,video,2,0.3743688762187958,46,
2025-10-09 22:52:14.970553,video,2,0.360250324010849,38,
2025-10-09 22:52:15.402898,video,2,0.911161482334137,42,
2025-10-09 22:52:15.402898,video,2,0.8657105565071106,40,
2025-10-09 22:52:15.402898,video,2,0.7193425893783569,4,
2025-10-09 22:52:15.402898,video,2,0.5864370465278625,46,
2025-10-09 22:52:15.402898,video,2,0.3276403546333313,38,
2025-10-09 22:52:15.402898,video,5,0.2782481908798218,34,
2025-10-09 22:52:15.951951,video,2,0.9135165810585022,42,
2025-10-09 22:52:15.951951,video,2,0.8819344639778137,40,
2025-10-09 22:52:15.951951,video,2,0.5967376828193665,4,
2025-10-09 22:52:15.951951,video,2,0.591881513595581,48,
2025-10-09 22:52:15.951951,video,2,0.5024604797363281,46,
2025-10-09 22:52:15.951951,video,7,0.4783414900302887,53,
2025-10-09 22:52:15.951951,video,2,0.3901456296443939,38,
2025-10-09 22:52:15.951951,video,2,0.30752432346343994,3,
2025-10-09 22:52:15.951951,video,5,0.25967636704444885,34,
2025-10-09 22:52:16.462880,video,2,0.9058708548545837,42,
2025-10-09 22:52:16.462880,video,2,0.8687097430229187,40,
2025-10-09 22:52:16.463877,video,7,0.6707485318183899,53,
2025-10-09 22:52:16.463877,video,2,0.6052514314651489,48,
2025-10-09 22:52:16.463877,video,2,0.4663573205471039,38,
2025-10-09 22:52:16.463877,video,2,0.3673844337463379,46,
2025-10-09 22:52:16.463877,video,2,0.25439542531967163,3,
2025-10-09 22:52:16.463877,video,2,0.25407007336616516,43,
2025-10-09 22:52:16.939111,video,2,0.8986626863479614,42,
2025-10-09 22:52:16.939111,video,2,0.8790682554244995,40,
2025-10-09 22:52:16.939111,video,2,0.6929691433906555,48,
2025-10-09 22:52:16.939111,video,2,0.6220239996910095,4,
2025-10-09 22:52:16.939111,video,7,0.4967406392097473,53,
2025-10-09 22:52:16.939111,video,2,0.47732266783714294,38,
2025-10-09 22:52:16.939111,video,2,0.3741663098335266,3,
2025-10-09 22:52:17.390948,video,2,0.8659578561782837,40,
2025-10-09 22:52:17.390948,video,2,0.8650191426277161,42,
2025-10-09 22:52:17.390948,video,2,0.5688859820365906,48,
2025-10-09 22:52:17.390948,video,2,0.5441880822181702,4,
2025-10-09 22:52:17.390948,video,2,0.4674205482006073,38,
2025-10-09 22:52:17.390948,video,7,0.39880356192588806,4,
2025-10-09 22:52:17.390948,video,2,0.3280831575393677,37,
2025-10-09 22:52:17.903857,video,2,0.8740555047988892,40,
2025-10-09 22:52:17.903857,video,2,0.8477943539619446,42,
2025-10-09 22:52:17.903857,video,2,0.626751720905304,53,
2025-10-09 22:52:17.904852,video,2,0.5986648201942444,48,
2025-10-09 22:52:17.904852,video,2,0.5691867470741272,37,
2025-10-09 22:52:17.904852,video,2,0.49318522214889526,38,
2025-10-09 22:52:17.904852,video,2,0.25408652424812317,43,
2025-10-09 22:52:18.423504,video,2,0.869189977645874,40,
2025-10-09 22:52:18.423504,video,2,0.8269835114479065,42,
2025-10-09 22:52:18.423504,video,2,0.5912319421768188,38,
2025-10-09 22:52:18.423504,video,2,0.5680456757545471,48,
2025-10-09 22:52:18.423504,video,2,0.4705543518066406,4,
2025-10-09 22:52:18.423504,video,2,0.359722763299942,3,
2025-10-09 22:52:18.423504,video,2,0.2889351546764374,43,
2025-10-09 22:52:18.423504,video,7,0.28305158019065857,53,
2025-10-09 22:52:18.982609,video,2,0.8769590854644775,40,
2025-10-09 22:52:18.982609,video,2,0.7777005434036255,35,
2025-10-09 22:52:18.983607,video,2,0.6416721343994141,48,
2025-10-09 22:52:18.983607,video,2,0.6212037205696106,38,
2025-10-09 22:52:18.983607,video,7,0.5747129321098328,4,
2025-10-09 22:52:18.983607,video,2,0.2962820827960968,43,
2025-10-09 22:52:18.983607,video,2,0.277982234954834,3,
2025-10-09 22:52:19.384393,video,2,0.8686105608940125,40,
2025-10-09 22:52:19.384393,video,2,0.6895179748535156,48,
2025-10-09 22:52:19.384393,video,2,0.5685629844665527,38,
2025-10-09 22:52:19.384393,video,2,0.5425063967704773,35,
2025-10-09 22:52:19.384393,video,7,0.5291193723678589,4,
2025-10-09 22:52:19.846540,video,2,0.9089977741241455,40,
2025-10-09 22:52:19.846540,video,2,0.713304877281189,48,
2025-10-09 22:52:19.846540,video,2,0.5571498274803162,38,
2025-10-09 22:52:19.846540,video,7,0.3833087682723999,4,
2025-10-09 22:52:19.846540,video,2,0.37445664405822754,39,
2025-10-09 22:52:19.846540,video,5,0.2506386339664459,53,
2025-10-09 22:52:20.338385,video,2,0.9081876873970032,40,
2025-10-09 22:52:20.338385,video,2,0.5294805765151978,48,
2025-10-09 22:52:20.338385,video,2,0.5162044167518616,38,
2025-10-09 22:52:20.338385,video,7,0.41815897822380066,53,
2025-10-09 22:52:20.338385,video,5,0.320819228887558,4,
2025-10-09 22:52:20.338385,video,2,0.3059491813182831,46,
2025-10-09 22:52:20.338385,video,2,0.29297521710395813,43,
2025-10-09 22:52:20.810373,video,2,0.9198958277702332,40,
2025-10-09 22:52:20.810373,video,2,0.7472755312919617,48,
2025-10-09 22:52:20.810373,video,2,0.5602486729621887,38,
2025-10-09 22:52:20.810373,video,7,0.35711875557899475,4,
2025-10-09 22:52:20.810373,video,2,0.3201363682746887,46,
2025-10-09 22:52:20.810373,video,2,0.3047078251838684,43,
2025-10-09 22:52:20.810373,video,2,0.2915555238723755,54,
2025-10-09 22:52:21.285290,video,2,0.9226607084274292,40,
2025-10-09 22:52:21.285290,video,2,0.6808669567108154,48,
2025-10-09 22:52:21.286322,video,2,0.4892873167991638,38,
2025-10-09 22:52:21.286322,video,7,0.42293936014175415,53,
2025-10-09 22:52:21.286322,video,2,0.26994433999061584,4,
2025-10-09 22:52:21.286322,video,2,0.26161912083625793,46,
2025-10-09 22:52:21.710403,video,2,0.9020200371742249,40,
2025-10-09 22:52:21.710403,video,2,0.7962979078292847,48,
2025-10-09 22:52:21.710403,video,2,0.6233701705932617,38,
2025-10-09 22:52:21.710403,video,5,0.3701789081096649,53,
2025-10-09 22:52:21.710403,video,7,0.2845959961414337,4,
2025-10-09 22:52:22.126489,video,2,0.9153575897216797,37,
2025-10-09 22:52:22.126489,video,2,0.7969634532928467,48,
2025-10-09 22:52:22.127501,video,2,0.6144945025444031,38,
2025-10-09 22:52:22.127501,video,5,0.4131931662559509,53,
2025-10-09 22:52:22.127501,video,7,0.26560062170028687,4,
2025-10-09 22:52:22.571218,video,2,0.9115011692047119,37,
2025-10-09 22:52:22.571218,video,2,0.8192710280418396,48,
2025-10-09 22:52:22.571218,video,5,0.35300159454345703,53,
2025-10-09 22:52:22.571218,video,7,0.3387601673603058,4,
2025-10-09 22:52:22.571218,video,2,0.29445919394493103,38,
2025-10-09 22:52:22.571218,video,2,0.2598428726196289,55,
2025-10-09 22:52:23.009612,video,2,0.9257413744926453,37,
2025-10-09 22:52:23.009612,video,2,0.8452449440956116,48,
2025-10-09 22:52:23.009612,video,2,0.4053000211715698,53,
2025-10-09 22:52:23.009612,video,5,0.284793496131897,4,
2025-10-09 22:52:23.009612,video,0,0.2718571424484253,55,
2025-10-09 22:52:23.009612,video,0,0.2657855451107025,56,
2025-10-09 22:52:23.375388,video,2,0.9053219556808472,37,
2025-10-09 22:52:23.375388,video,2,0.8450947403907776,48,
2025-10-09 22:52:23.375388,video,2,0.5977129340171814,38,
2025-10-09 22:52:23.375388,video,5,0.574535608291626,4,
2025-10-09 22:52:23.791595,video,2,0.9055677056312561,37,
2025-10-09 22:52:23.792610,video,2,0.8079898357391357,48,
2025-10-09 22:52:23.792610,video,2,0.5963277816772461,38,
2025-10-09 22:52:23.792610,video,5,0.4592137336730957,4,
2025-10-09 22:52:23.792610,video,7,0.39335933327674866,4,
2025-10-09 22:52:24.211188,video,2,0.9172894358634949,37,
2025-10-09 22:52:24.211188,video,2,0.7425840497016907,48,
2025-10-09 22:52:24.211188,video,2,0.6174054145812988,38,
2025-10-09 22:52:24.211188,video,2,0.6068882346153259,3,
2025-10-09 22:52:24.211188,video,5,0.4078962504863739,53,
2025-10-09 22:52:24.640465,video,2,0.9013742804527283,37,
2025-10-09 22:52:24.640465,video,2,0.8410499691963196,48,
2025-10-09 22:52:24.640465,video,2,0.725368320941925,38,
2025-10-09 22:52:24.640465,video,5,0.5738773345947266,53,
2025-10-09 22:52:25.053023,video,2,0.9046288728713989,37,
2025-10-09 22:52:25.053023,video,2,0.8176831603050232,48,
2025-10-09 22:52:25.053023,video,5,0.5316192507743835,53,
2025-10-09 22:52:25.053023,video,2,0.2643609344959259,38,
2025-10-09 22:52:25.407686,video,2,0.9067385196685791,37,
2025-10-09 22:52:25.407686,video,2,0.8165441751480103,48,
2025-10-09 22:52:25.407686,video,2,0.3894369900226593,38,
2025-10-09 22:52:25.407686,video,2,0.3644421696662903,53,
2025-10-09 22:52:25.807035,video,2,0.8706347942352295,37,
2025-10-09 22:52:25.807035,video,2,0.8057417273521423,48,
2025-10-09 22:52:25.807035,video,2,0.6122134327888489,38,
2025-10-09 22:52:25.807035,video,2,0.2571515738964081,53,
2025-10-09 22:52:26.229282,video,2,0.8699558973312378,48,
2025-10-09 22:52:26.229282,video,2,0.8332412838935852,37,
2025-10-09 22:52:26.229282,video,3,0.6664465665817261,57,
2025-10-09 22:52:26.229282,video,2,0.6025047302246094,38,
2025-10-09 22:52:26.229282,video,5,0.38152894377708435,4,
2025-10-09 22:52:26.229282,video,2,0.28650152683258057,53,
2025-10-09 22:52:26.677435,video,2,0.8568728566169739,48,
2025-10-09 22:52:26.677435,video,2,0.8528842926025391,37,
2025-10-09 22:52:26.677435,video,2,0.7493418455123901,58,
2025-10-09 22:52:26.677435,video,2,0.6006322503089905,38,
2025-10-09 22:52:26.677435,video,2,0.35199207067489624,53,
2025-10-09 22:52:26.677435,video,2,0.3027295768260956,43,
2025-10-09 22:52:27.083108,video,2,0.8699271082878113,48,
2025-10-09 22:52:27.083108,video,2,0.8597201704978943,42,
2025-10-09 22:52:27.083108,video,2,0.7574013471603394,58,
2025-10-09 22:52:27.083108,video,2,0.6524911522865295,38,
2025-10-09 22:52:27.083108,video,2,0.598259687423706,53,
2025-10-09 22:52:27.510228,video,2,0.8720476031303406,58,
2025-10-09 22:52:27.510228,video,2,0.8712766766548157,48,
2025-10-09 22:52:27.510228,video,2,0.8449441194534302,42,
2025-10-09 22:52:27.510228,video,2,0.6544781923294067,38,
2025-10-09 22:52:27.510228,video,2,0.5217217803001404,53,
2025-10-09 22:52:27.510228,video,2,0.27502894401550293,43,
2025-10-09 22:52:27.942373,video,2,0.8473826050758362,48,
2025-10-09 22:52:27.942373,video,2,0.7835915684700012,58,
2025-10-09 22:52:27.942373,video,2,0.7563939690589905,35,
2025-10-09 22:52:27.942373,video,2,0.7335927486419678,38,
2025-10-09 22:52:27.942373,video,2,0.5495133996009827,53,
2025-10-09 22:52:27.942373,video,2,0.30207452178001404,43,
2025-10-09 22:52:28.401528,video,2,0.9076912999153137,58,
2025-10-09 22:52:28.401528,video,2,0.8945827484130859,48,
2025-10-09 22:52:28.401528,video,2,0.5702822804450989,53,
2025-10-09 22:52:28.401528,video,2,0.5660707950592041,38,
2025-10-09 22:52:28.401528,video,2,0.260875940322876,43,
2025-10-09 22:52:28.730924,video,2,0.9081091284751892,58,
2025-10-09 22:52:28.730924,video,2,0.8731958866119385,48,
2025-10-09 22:52:28.730924,video,2,0.5720325708389282,53,
2025-10-09 22:52:28.730924,video,2,0.5613749623298645,38,
2025-10-09 22:52:28.730924,video,2,0.2937507927417755,43,
2025-10-09 22:52:29.057272,video,2,0.8573907017707825,58,
2025-10-09 22:52:29.057272,video,2,0.7537627220153809,48,
2025-10-09 22:52:29.057272,video,2,0.659400463104248,38,
2025-10-09 22:52:29.057272,video,2,0.5112600326538086,53,
2025-10-09 22:52:29.445728,video,2,0.8904387354850769,47,
2025-10-09 22:52:29.445728,video,2,0.8476549386978149,48,
2025-10-09 22:52:29.445728,video,2,0.5485232472419739,38,
2025-10-09 22:52:29.445728,video,2,0.40040749311447144,53,
2025-10-09 22:52:29.445728,video,2,0.2880353033542633,3,
2025-10-09 22:52:29.445728,video,2,0.2592311203479767,4,
2025-10-09 22:52:29.784541,video,2,0.9095473885536194,49,
2025-10-09 22:52:29.784541,video,2,0.8594081401824951,48,
2025-10-09 22:52:29.784541,video,2,0.5239638686180115,38,
2025-10-09 22:52:29.784541,video,2,0.48145073652267456,53,
2025-10-09 22:52:30.094324,video,2,0.8359472155570984,48,
2025-10-09 22:52:30.094324,video,2,0.8317669630050659,49,
2025-10-09 22:52:30.094324,video,2,0.5904099941253662,38,
2025-10-09 22:52:30.094324,video,2,0.4764954447746277,53,
2025-10-09 22:52:30.481494,video,2,0.8424660563468933,48,
2025-10-09 22:52:30.481494,video,2,0.8334014415740967,49,
2025-10-09 22:52:30.481494,video,2,0.45642799139022827,53,
2025-10-09 22:52:30.481494,video,2,0.4543423354625702,38,
2025-10-09 22:52:30.481494,video,2,0.2872792184352875,3,
2025-10-09 22:52:30.481494,video,2,0.27470824122428894,46,
2025-10-09 22:52:30.831994,video,2,0.9029785990715027,48,
2025-10-09 22:52:30.831994,video,2,0.7778016328811646,52,
2025-10-09 22:52:30.831994,video,2,0.6132286787033081,38,
2025-10-09 22:52:30.831994,video,2,0.523242175579071,53,
2025-10-09 22:52:30.831994,video,2,0.3361818492412567,3,
2025-10-09 22:52:31.262145,video,2,0.8818197250366211,48,
2025-10-09 22:52:31.262145,video,2,0.8053900003433228,52,
2025-10-09 22:52:31.262145,video,2,0.7142988443374634,38,
2025-10-09 22:52:31.262145,video,2,0.6040078401565552,53,
2025-10-09 22:52:31.262145,video,2,0.4049433171749115,46,
2025-10-09 22:52:31.262145,video,2,0.3587333858013153,54,
2025-10-09 22:52:31.262145,video,2,0.27012374997138977,3,
2025-10-09 22:52:31.691415,video,2,0.893548846244812,48,
2025-10-09 22:52:31.691415,video,2,0.74554842710495,38,
2025-10-09 22:52:31.691415,video,2,0.6210872530937195,52,
2025-10-09 22:52:31.691415,video,2,0.5339272022247314,53,
2025-10-09 22:52:31.691415,video,2,0.4999687671661377,3,
2025-10-09 22:52:31.691415,video,2,0.40768638253211975,46,
2025-10-09 22:52:31.691415,video,2,0.30205702781677246,54,
2025-10-09 22:52:31.691415,video,2,0.28153347969055176,59,
2025-10-09 22:52:32.119729,video,2,0.8393032550811768,48,
2025-10-09 22:52:32.119729,video,2,0.7017031311988831,52,
2025-10-09 22:52:32.119729,video,2,0.58984375,3,
2025-10-09 22:52:32.119729,video,2,0.4940076172351837,53,
2025-10-09 22:52:32.119729,video,2,0.48399874567985535,38,
2025-10-09 22:52:32.119729,video,2,0.35149821639060974,59,
2025-10-09 22:52:32.119729,video,2,0.3109360337257385,46,
2025-10-09 22:52:32.563839,video,2,0.7945846319198608,48,
2025-10-09 22:52:32.563839,video,2,0.7850548624992371,52,
2025-10-09 22:52:32.563839,video,2,0.6247729659080505,3,
2025-10-09 22:52:32.563839,video,2,0.574249267578125,38,
2025-10-09 22:52:32.563839,video,2,0.559063196182251,54,
2025-10-09 22:52:32.563839,video,2,0.44860175251960754,53,
2025-10-09 22:52:32.563839,video,2,0.3469076454639435,59,
2025-10-09 22:52:32.920344,video,2,0.7724301218986511,38,
2025-10-09 22:52:32.920344,video,2,0.6282180547714233,3,
2025-10-09 22:52:32.920344,video,2,0.6146476864814758,48,
2025-10-09 22:52:32.920344,video,2,0.5580123066902161,53,
2025-10-09 22:52:32.920344,video,2,0.4733414947986603,52,
2025-10-09 22:52:32.920344,video,2,0.3864380121231079,54,
2025-10-09 22:52:33.348479,video,2,0.8466503024101257,48,
2025-10-09 22:52:33.348479,video,2,0.8079273104667664,38,
2025-10-09 22:52:33.348479,video,2,0.6373084187507629,54,
2025-10-09 22:52:33.348479,video,2,0.5912015438079834,3,
2025-10-09 22:52:33.348479,video,2,0.5560669302940369,52,
2025-10-09 22:52:33.348479,video,7,0.3452412784099579,56,
2025-10-09 22:52:33.348479,video,2,0.34242525696754456,53,
2025-10-09 22:52:33.775803,video,2,0.7561677098274231,48,
2025-10-09 22:52:33.775803,video,2,0.7009298205375671,38,
2025-10-09 22:52:33.775803,video,2,0.6856338381767273,3,
2025-10-09 22:52:33.775803,video,2,0.6042050719261169,56,
2025-10-09 22:52:33.775803,video,2,0.47837984561920166,53,
2025-10-09 22:52:33.775803,video,2,0.45642492175102234,54,
2025-10-09 22:52:33.775803,video,2,0.30580079555511475,59,
2025-10-09 22:52:34.224854,video,2,0.7483073472976685,56,
2025-10-09 22:52:34.224854,video,2,0.6441827416419983,38,
2025-10-09 22:52:34.224854,video,2,0.6131573915481567,48,
2025-10-09 22:52:34.224854,video,2,0.608409583568573,54,
2025-10-09 22:52:34.224854,video,2,0.43862903118133545,3,
2025-10-09 22:52:34.224854,video,2,0.36152327060699463,60,
2025-10-09 22:52:34.224854,video,2,0.2791227400302887,53,
2025-10-09 22:52:34.224854,video,5,0.2543342113494873,4,
2025-10-09 22:52:34.689410,video,2,0.7779428958892822,38,
2025-10-09 22:52:34.689410,video,2,0.7628301382064819,56,
2025-10-09 22:52:34.689410,video,2,0.4646465480327606,54,
2025-10-09 22:52:34.689410,video,2,0.40079402923583984,48,
2025-10-09 22:52:34.689410,video,2,0.3743431866168976,60,
2025-10-09 22:52:34.689410,video,0,0.33438172936439514,61,
2025-10-09 22:52:34.689410,video,2,0.31621211767196655,53,
2025-10-09 22:52:34.689410,video,2,0.29509082436561584,40,
2025-10-09 22:52:34.689410,video,2,0.2924036681652069,3,
2025-10-09 22:52:35.122973,video,2,0.6624284982681274,38,
2025-10-09 22:52:35.122973,video,2,0.5543053150177002,56,
2025-10-09 22:52:35.122973,video,2,0.5520428419113159,54,
2025-10-09 22:52:35.122973,video,0,0.504176914691925,61,
2025-10-09 22:52:35.122973,video,2,0.4671121835708618,53,
2025-10-09 22:52:35.122973,video,2,0.32844969630241394,3,
2025-10-09 22:52:35.122973,video,7,0.3075246214866638,48,
2025-10-09 22:52:35.469543,video,0,0.7001946568489075,61,
2025-10-09 22:52:35.469543,video,2,0.6579768061637878,38,
2025-10-09 22:52:35.469543,video,2,0.5655633211135864,56,
2025-10-09 22:52:35.469543,video,2,0.5326141119003296,53,
2025-10-09 22:52:35.469543,video,2,0.47214436531066895,54,
2025-10-09 22:52:35.870383,video,0,0.7489657402038574,61,
2025-10-09 22:52:35.870383,video,2,0.7397062182426453,56,
2025-10-09 22:52:35.870383,video,2,0.5367388129234314,54,
2025-10-09 22:52:35.870383,video,2,0.5226173996925354,38,
2025-10-09 22:52:35.870383,video,2,0.3718375563621521,53,
2025-10-09 22:52:36.249711,video,2,0.7720083594322205,56,
2025-10-09 22:52:36.249711,video,0,0.7637563347816467,61,
2025-10-09 22:52:36.249711,video,2,0.7246041297912598,54,
2025-10-09 22:52:36.249711,video,2,0.5621086359024048,38,
2025-10-09 22:52:36.249711,video,2,0.41348177194595337,53,
2025-10-09 22:52:36.249711,video,2,0.2530868351459503,60,
2025-10-09 22:52:36.645796,video,0,0.8294901251792908,61,
2025-10-09 22:52:36.645796,video,2,0.7779001593589783,59,
2025-10-09 22:52:36.645796,video,2,0.762229323387146,56,
2025-10-09 22:52:36.645796,video,2,0.4718957841396332,54,
2025-10-09 22:52:36.645796,video,2,0.39982765913009644,53,
2025-10-09 22:52:36.645796,video,2,0.3168661594390869,60,
2025-10-09 22:52:37.022421,video,0,0.8690800070762634,61,
2025-10-09 22:52:37.022421,video,2,0.8037713766098022,59,
2025-10-09 22:52:37.022421,video,2,0.6299904584884644,56,
2025-10-09 22:52:37.022421,video,2,0.61141437292099,54,
2025-10-09 22:52:37.022421,video,2,0.34268903732299805,53,
2025-10-09 22:52:37.022421,video,0,0.25889018177986145,55,
2025-10-09 22:52:37.384103,video,0,0.8498530387878418,61,
2025-10-09 22:52:37.384103,video,2,0.846209704875946,59,
2025-10-09 22:52:37.384103,video,2,0.7207766771316528,56,
2025-10-09 22:52:37.384103,video,2,0.4671483039855957,54,
2025-10-09 22:52:37.384103,video,2,0.3475174307823181,53,
2025-10-09 22:52:37.750477,video,0,0.8239064812660217,61,
2025-10-09 22:52:37.750477,video,2,0.8110172748565674,59,
2025-10-09 22:52:37.750477,video,2,0.6349974274635315,56,
2025-10-09 22:52:37.750477,video,2,0.5767901539802551,54,
2025-10-09 22:52:38.103881,video,2,0.8512284755706787,59,
2025-10-09 22:52:38.103881,video,0,0.8409686088562012,61,
2025-10-09 22:52:38.103881,video,2,0.5810667276382446,54,
2025-10-09 22:52:38.103881,video,2,0.3448503315448761,56,
2025-10-09 22:52:38.103881,video,2,0.27614519000053406,53,
2025-10-09 22:52:38.465584,video,2,0.8885420560836792,59,
2025-10-09 22:52:38.465584,video,0,0.727380096912384,61,
2025-10-09 22:52:38.465584,video,2,0.6612022519111633,54,
2025-10-09 22:52:38.465584,video,2,0.3864576816558838,56,
2025-10-09 22:52:38.465584,video,2,0.3155975341796875,53,
2025-10-09 22:52:38.839968,video,2,0.8864569664001465,40,
2025-10-09 22:52:38.839968,video,2,0.733787477016449,54,
2025-10-09 22:52:38.839968,video,2,0.5849189162254333,57,
2025-10-09 22:52:38.839968,video,2,0.46168842911720276,61,
2025-10-09 22:52:38.839968,video,2,0.4036421775817871,56,
2025-10-09 22:52:39.181218,video,2,0.9010464549064636,40,
2025-10-09 22:52:39.181218,video,2,0.7362528443336487,62,
2025-10-09 22:52:39.181218,video,2,0.6823240518569946,54,
2025-10-09 22:52:39.181218,video,2,0.6248883605003357,56,
2025-10-09 22:52:39.597408,video,2,0.898296594619751,40,
2025-10-09 22:52:39.597408,video,2,0.8149678707122803,62,
2025-10-09 22:52:39.597408,video,2,0.7997460961341858,54,
2025-10-09 22:52:39.597408,video,2,0.4965992271900177,56,
2025-10-09 22:52:39.597408,video,2,0.37089335918426514,3,
2025-10-09 22:52:39.932865,video,2,0.9022402167320251,62,
2025-10-09 22:52:39.932865,video,2,0.8894627690315247,40,
2025-10-09 22:52:39.932865,video,2,0.7421730756759644,54,
2025-10-09 22:52:39.932865,video,2,0.6099074482917786,56,
2025-10-09 22:52:40.329049,video,2,0.9121609330177307,62,
2025-10-09 22:52:40.329049,video,2,0.8895129561424255,40,
2025-10-09 22:52:40.329049,video,2,0.6716752052307129,54,
2025-10-09 22:52:40.329049,video,2,0.4665389358997345,56,
2025-10-09 22:52:40.329049,video,2,0.31689444184303284,3,
2025-10-09 22:52:40.680636,video,2,0.9121363759040833,62,
2025-10-09 22:52:40.680636,video,2,0.8604871034622192,40,
2025-10-09 22:52:40.680636,video,2,0.750144362449646,56,
2025-10-09 22:52:40.680636,video,2,0.7166659832000732,54,
2025-10-09 22:52:41.025451,video,2,0.9249030351638794,58,
2025-10-09 22:52:41.025451,video,2,0.8515797257423401,40,
2025-10-09 22:52:41.025451,video,2,0.7654567360877991,54,
2025-10-09 22:52:41.025451,video,2,0.7389864921569824,56,
2025-10-09 22:52:41.388253,video,2,0.9376229643821716,58,
2025-10-09 22:52:41.388253,video,2,0.8756241202354431,40,
2025-10-09 22:52:41.388253,video,2,0.7183306813240051,54,
2025-10-09 22:52:41.388253,video,2,0.5387541055679321,56,
2025-10-09 22:52:41.388253,video,2,0.3095422089099884,3,
2025-10-09 22:52:41.781174,video,2,0.9187925457954407,47,
2025-10-09 22:52:41.781174,video,2,0.9004844427108765,40,
2025-10-09 22:52:41.781174,video,2,0.6938396096229553,54,
2025-10-09 22:52:41.781174,video,0,0.6243405342102051,61,
2025-10-09 22:52:41.781174,video,2,0.41980868577957153,3,
2025-10-09 22:52:42.165159,video,2,0.9120728969573975,40,
2025-10-09 22:52:42.165159,video,2,0.9085931181907654,47,
2025-10-09 22:52:42.165159,video,0,0.7788276076316833,63,
2025-10-09 22:52:42.165159,video,0,0.6827216744422913,61,
2025-10-09 22:52:42.165159,video,2,0.6656508445739746,54,
2025-10-09 22:52:42.165159,video,2,0.33799198269844055,3,
2025-10-09 22:52:42.581935,video,2,0.9165423512458801,40,
2025-10-09 22:52:42.581935,video,2,0.8934535980224609,49,
2025-10-09 22:52:42.581935,video,0,0.7752768993377686,63,
2025-10-09 22:52:42.581935,video,0,0.7647307515144348,61,
2025-10-09 22:52:42.581935,video,2,0.6815040707588196,54,
2025-10-09 22:52:42.581935,video,2,0.47781902551651,3,
2025-10-09 22:52:42.995002,video,2,0.8863624930381775,49,
2025-10-09 22:52:42.995002,video,2,0.8844273090362549,40,
2025-10-09 22:52:42.995002,video,0,0.7938865423202515,63,
2025-10-09 22:52:42.995002,video,2,0.7581852078437805,54,
2025-10-09 22:52:42.995002,video,0,0.7273321151733398,61,
2025-10-09 22:52:42.995002,video,2,0.6552956700325012,3,
2025-10-09 22:52:43.383686,video,2,0.9254335165023804,49,
2025-10-09 22:52:43.383686,video,0,0.8302958011627197,61,
2025-10-09 22:52:43.383686,video,2,0.8094133138656616,40,
2025-10-09 22:52:43.383686,video,2,0.7474783062934875,54,
2025-10-09 22:52:43.383686,video,0,0.7389504909515381,63,
2025-10-09 22:52:43.383686,video,2,0.6892335414886475,3,
2025-10-09 22:52:43.798506,video,2,0.9245061278343201,49,
2025-10-09 22:52:43.798506,video,0,0.7704483866691589,61,
2025-10-09 22:52:43.798506,video,0,0.7361697554588318,63,
2025-10-09 22:52:43.798506,video,2,0.7153587341308594,40,
2025-10-09 22:52:43.798506,video,2,0.6892126798629761,54,
2025-10-09 22:52:43.798506,video,2,0.5437988638877869,3,
2025-10-09 22:52:44.208155,video,2,0.9315929412841797,49,
2025-10-09 22:52:44.208155,video,2,0.8147359490394592,54,
2025-10-09 22:52:44.208155,video,0,0.7746914029121399,61,
2025-10-09 22:52:44.208155,video,0,0.7370491027832031,63,
2025-10-09 22:52:44.208155,video,2,0.6831753253936768,40,
2025-10-09 22:52:44.208155,video,2,0.4439520835876465,3,
2025-10-09 22:52:44.208155,video,2,0.26769670844078064,53,
2025-10-09 22:52:44.612388,video,2,0.9133448004722595,49,
2025-10-09 22:52:44.612388,video,2,0.8508363366127014,54,
2025-10-09 22:52:44.612388,video,0,0.7845112681388855,63,
2025-10-09 22:52:44.612388,video,0,0.7796782851219177,61,
2025-10-09 22:52:44.612388,video,2,0.32571175694465637,3,
2025-10-09 22:52:44.612388,video,0,0.2661599814891815,40,
2025-10-09 22:52:45.065432,video,2,0.9041971564292908,49,
2025-10-09 22:52:45.065432,video,0,0.7874387502670288,61,
2025-10-09 22:52:45.065432,video,0,0.7783273458480835,63,
2025-10-09 22:52:45.065432,video,2,0.740852952003479,38,
2025-10-09 22:52:45.065432,video,2,0.3104070723056793,56,
2025-10-09 22:52:45.065432,video,2,0.2514525353908539,3,
2025-10-09 22:52:45.433063,video,2,0.8788726925849915,52,
2025-10-09 22:52:45.433063,video,0,0.7795394659042358,63,
2025-10-09 22:52:45.433063,video,2,0.7419078350067139,38,
2025-10-09 22:52:45.433063,video,0,0.7173922061920166,61,
2025-10-09 22:52:45.433063,video,2,0.274818480014801,56,
2025-10-09 22:52:45.794313,video,2,0.8728470206260681,52,
2025-10-09 22:52:45.794313,video,0,0.7733836770057678,63,
2025-10-09 22:52:45.794313,video,2,0.7690333127975464,38,
2025-10-09 22:52:45.794313,video,0,0.7083032727241516,61,
2025-10-09 22:52:45.794313,video,2,0.27249258756637573,46,
2025-10-09 22:52:46.111551,video,2,0.893869161605835,55,
2025-10-09 22:52:46.111551,video,2,0.8111486434936523,38,
2025-10-09 22:52:46.111551,video,0,0.7956359386444092,63,
2025-10-09 22:52:46.111551,video,0,0.7715988755226135,61,
2025-10-09 22:52:46.487612,video,2,0.8944581747055054,55,
2025-10-09 22:52:46.487612,video,0,0.8481221199035645,61,
2025-10-09 22:52:46.487612,video,2,0.8348508477210999,38,
2025-10-09 22:52:46.487612,video,0,0.8325007557868958,63,
2025-10-09 22:52:46.487612,video,2,0.2748561203479767,53,
2025-10-09 22:52:46.946974,video,2,0.878402829170227,55,
2025-10-09 22:52:46.946974,video,0,0.840805172920227,63,
2025-10-09 22:52:46.946974,video,0,0.836513102054596,61,
2025-10-09 22:52:46.946974,video,2,0.8116145133972168,38,
2025-10-09 22:52:46.946974,video,2,0.3709222972393036,4,
2025-10-09 22:52:46.946974,video,2,0.334205687046051,3,
2025-10-09 22:52:46.946974,video,2,0.27882829308509827,53,
2025-10-09 22:52:47.334497,video,2,0.8884584307670593,55,
2025-10-09 22:52:47.334497,video,0,0.8272855877876282,61,
2025-10-09 22:52:47.334497,video,0,0.7329541444778442,63,
2025-10-09 22:52:47.334497,video,2,0.6913323402404785,59,
2025-10-09 22:52:47.334497,video,2,0.46588510274887085,3,
2025-10-09 22:52:47.334497,video,2,0.2512062191963196,4,
2025-10-09 22:52:47.780670,video,2,0.8780980706214905,55,
2025-10-09 22:52:47.780670,video,2,0.8163890242576599,59,
2025-10-09 22:52:47.780670,video,0,0.7755078673362732,61,
2025-10-09 22:52:47.780670,video,0,0.7532607316970825,63,
2025-10-09 22:52:47.780670,video,2,0.37512752413749695,3,
2025-10-09 22:52:47.780670,video,2,0.27518218755722046,4,
2025-10-09 22:52:47.780670,video,2,0.2669236361980438,53,
2025-10-09 22:52:48.099857,video,2,0.8531924486160278,55,
2025-10-09 22:52:48.099857,video,0,0.8184017539024353,61,
2025-10-09 22:52:48.099857,video,2,0.7908710837364197,59,
2025-10-09 22:52:48.099857,video,0,0.7420153617858887,63,
2025-10-09 22:52:48.472776,video,2,0.881793737411499,59,
2025-10-09 22:52:48.472776,video,2,0.8509910106658936,55,
2025-10-09 22:52:48.472776,video,0,0.7943078875541687,61,
2025-10-09 22:52:48.472776,video,0,0.6844848394393921,63,
2025-10-09 22:52:48.472776,video,2,0.2678751051425934,53,
2025-10-09 22:52:48.799652,video,2,0.9160445332527161,59,
2025-10-09 22:52:48.799652,video,2,0.8456996083259583,55,
2025-10-09 22:52:48.799652,video,0,0.8008880615234375,61,
2025-10-09 22:52:48.799652,video,0,0.7293512225151062,63,
2025-10-09 22:52:49.122323,video,2,0.8829665780067444,59,
2025-10-09 22:52:49.122323,video,2,0.8582555651664734,55,
2025-10-09 22:52:49.122323,video,0,0.7614666223526001,63,
2025-10-09 22:52:49.122323,video,0,0.7608461976051331,61,
2025-10-09 22:52:49.443709,video,2,0.8779376149177551,59,
2025-10-09 22:52:49.443709,video,2,0.8186212778091431,55,
2025-10-09 22:52:49.443709,video,0,0.7781043648719788,63,
2025-10-09 22:52:49.443709,video,0,0.7266594171524048,61,
2025-10-09 22:52:49.799300,video,2,0.8921142220497131,59,
2025-10-09 22:52:49.799300,video,2,0.7813563942909241,55,
2025-10-09 22:52:49.799300,video,0,0.7728310227394104,63,
2025-10-09 22:52:49.799300,video,0,0.7685030698776245,61,
2025-10-09 22:52:50.139756,video,2,0.9253230690956116,59,
2025-10-09 22:52:50.139756,video,2,0.8053648471832275,55,
2025-10-09 22:52:50.139756,video,0,0.7846229672431946,61,
2025-10-09 22:52:50.139756,video,0,0.7576862573623657,63,
2025-10-09 22:52:50.456644,video,2,0.916235625743866,59,
2025-10-09 22:52:50.456644,video,0,0.8356105089187622,63,
2025-10-09 22:52:50.456644,video,2,0.7596226334571838,55,
2025-10-09 22:52:50.456644,video,0,0.7426270842552185,61,
2025-10-09 22:52:50.796465,video,2,0.8799866437911987,59,
2025-10-09 22:52:50.796465,video,2,0.7947725653648376,55,
2025-10-09 22:52:50.796465,video,0,0.7924836277961731,63,
2025-10-09 22:52:50.796465,video,0,0.7622947692871094,61,
2025-10-09 22:52:51.127906,video,2,0.8766909837722778,59,
2025-10-09 22:52:51.127906,video,0,0.7838104367256165,63,
2025-10-09 22:52:51.127906,video,0,0.7684298753738403,61,
2025-10-09 22:52:51.127906,video,2,0.6411511898040771,55,
2025-10-09 22:52:51.567007,video,0,0.8044537305831909,61,
2025-10-09 22:52:51.567007,video,2,0.7895374298095703,55,
2025-10-09 22:52:51.567007,video,0,0.7184649109840393,63,
2025-10-09 22:52:51.567007,video,2,0.4612163305282593,64,
2025-10-09 22:52:51.567007,video,6,0.41383567452430725,59,
2025-10-09 22:52:51.931343,video,0,0.8186126351356506,63,
2025-10-09 22:52:51.931343,video,0,0.7919310927391052,61,
2025-10-09 22:52:51.931343,video,2,0.7709107398986816,64,
2025-10-09 22:52:51.931343,video,2,0.7161809802055359,55,
2025-10-09 22:52:52.243704,video,2,0.8550112843513489,64,
2025-10-09 22:52:52.243704,video,0,0.7666957378387451,61,
2025-10-09 22:52:52.243704,video,0,0.7651160359382629,63,
2025-10-09 22:52:52.243704,video,2,0.7464287877082825,55,
2025-10-09 22:52:52.559519,video,2,0.8385577201843262,64,
2025-10-09 22:52:52.559519,video,0,0.7615479230880737,63,
2025-10-09 22:52:52.559519,video,0,0.7385118007659912,61,
2025-10-09 22:52:52.559519,video,2,0.49182796478271484,55,
2025-10-09 22:52:52.898900,video,0,0.7400069832801819,61,
2025-10-09 22:52:52.898900,video,0,0.7358502149581909,63,
2025-10-09 22:52:52.898900,video,2,0.5640729069709778,3,
2025-10-09 22:52:52.898900,video,0,0.3044913709163666,65,
2025-10-09 22:52:52.898900,video,2,0.2596501410007477,55,
2025-10-09 22:52:53.230605,video,0,0.7978638410568237,61,
2025-10-09 22:52:53.230605,video,0,0.7727685570716858,63,
2025-10-09 22:52:53.230605,video,2,0.47195279598236084,55,
2025-10-09 22:52:53.230605,video,2,0.4397207796573639,3,
2025-10-09 22:52:53.530533,video,0,0.7643149495124817,63,
2025-10-09 22:52:53.530533,video,0,0.7171640992164612,61,
2025-10-09 22:52:53.530533,video,2,0.5457285642623901,3,
2025-10-09 22:52:53.841733,video,0,0.6875990629196167,63,
2025-10-09 22:52:53.841733,video,0,0.6832292079925537,61,
2025-10-09 22:52:53.841733,video,2,0.403984934091568,3,
2025-10-09 22:52:53.841733,video,0,0.25620993971824646,65,
2025-10-09 22:52:54.160415,video,0,0.7839603424072266,63,
2025-10-09 22:52:54.160415,video,0,0.7000275254249573,61,
2025-10-09 22:52:54.160415,video,2,0.5225529074668884,3,
2025-10-09 22:52:54.160415,video,0,0.2869712710380554,65,
2025-10-09 22:52:54.457625,video,0,0.7830848097801208,63,
2025-10-09 22:52:54.457625,video,0,0.7378319501876831,61,
2025-10-09 22:52:54.457625,video,2,0.6415131688117981,3,
2025-10-09 22:52:54.750752,video,0,0.8468732237815857,63,
2025-10-09 22:52:54.750752,video,0,0.8181164860725403,61,
2025-10-09 22:52:54.750752,video,2,0.5943270921707153,3,
2025-10-09 22:52:55.043637,video,0,0.8588318824768066,63,
2025-10-09 22:52:55.044635,video,0,0.8098767399787903,61,
2025-10-09 22:52:55.044635,video,2,0.5593871474266052,3,
2025-10-09 22:52:55.360202,video,0,0.8081518411636353,61,
2025-10-09 22:52:55.360202,video,0,0.7732324004173279,63,
2025-10-09 22:52:55.360202,video,2,0.6588559746742249,3,
2025-10-09 22:52:55.815687,video,0,0.8037697672843933,61,
2025-10-09 22:52:55.815687,video,2,0.7679679989814758,3,
2025-10-09 22:52:55.815687,video,0,0.74711012840271,63,
2025-10-09 22:52:56.174219,video,0,0.8085215091705322,61,
2025-10-09 22:52:56.174219,video,0,0.796558141708374,63,
2025-10-09 22:52:56.174219,video,2,0.5564125180244446,3,
2025-10-09 22:52:56.517120,video,0,0.784832239151001,63,
2025-10-09 22:52:56.517120,video,0,0.7813066244125366,61,
2025-10-09 22:52:56.517120,video,2,0.49977895617485046,3,
2025-10-09 22:52:56.897685,video,0,0.804568886756897,63,
2025-10-09 22:52:56.897685,video,0,0.7357986569404602,61,
2025-10-09 22:52:56.897685,video,2,0.4572313725948334,3,
2025-10-09 22:52:56.897685,video,2,0.28093183040618896,4,
2025-10-09 22:52:57.217444,video,0,0.7627837657928467,61,
2025-10-09 22:52:57.217444,video,0,0.6870927214622498,63,
2025-10-09 22:52:57.217444,video,2,0.34012916684150696,3,
2025-10-09 22:52:57.548196,video,0,0.7479779124259949,61,
2025-10-09 22:52:57.549193,video,0,0.7446356415748596,63,
2025-10-09 22:52:57.549193,video,2,0.3258483111858368,3,
2025-10-09 22:52:57.931050,video,0,0.807148814201355,63,
2025-10-09 22:52:57.931050,video,0,0.6478787064552307,61,
2025-10-09 22:52:57.931050,video,2,0.5369237661361694,3,
2025-10-09 22:52:58.340192,video,0,0.8232693076133728,63,
2025-10-09 22:52:58.340192,video,2,0.7325430512428284,3,
2025-10-09 22:52:58.340192,video,0,0.717725932598114,61,
2025-10-09 22:52:58.695690,video,0,0.8691511750221252,63,
2025-10-09 22:52:58.695690,video,0,0.7802764773368835,61,
2025-10-09 22:52:58.695690,video,2,0.5182868838310242,3,
2025-10-09 22:52:59.043244,video,0,0.7921624779701233,63,
2025-10-09 22:52:59.043244,video,0,0.7905789017677307,61,
2025-10-09 22:52:59.043244,video,2,0.4848947823047638,3,
2025-10-09 22:52:59.352376,video,0,0.8197200894355774,63,
2025-10-09 22:52:59.352376,video,0,0.7446436285972595,61,
2025-10-09 22:52:59.352376,video,2,0.5870921015739441,3,
2025-10-09 22:52:59.665031,video,0,0.8263599276542664,63,
2025-10-09 22:52:59.665031,video,0,0.7873106002807617,61,
2025-10-09 22:52:59.665031,video,2,0.5475972890853882,3,
2025-10-09 22:52:59.968668,video,0,0.8285974860191345,63,
2025-10-09 22:52:59.968668,video,0,0.7994102835655212,61,
2025-10-09 22:52:59.968668,video,2,0.6023821234703064,3,
2025-10-09 22:53:00.344137,video,0,0.830410361289978,63,
2025-10-09 22:53:00.344137,video,0,0.7764158248901367,61,
2025-10-09 22:53:00.344137,video,2,0.4622119963169098,3,
2025-10-09 22:53:00.730039,video,0,0.8284874558448792,63,
2025-10-09 22:53:00.730039,video,0,0.7692350745201111,61,
2025-10-09 22:53:00.730039,video,2,0.5675321817398071,3,
2025-10-09 22:53:00.730039,video,2,0.2700341045856476,4,
2025-10-09 22:53:01.047821,video,0,0.7756142616271973,63,
2025-10-09 22:53:01.047821,video,0,0.7467194199562073,61,
2025-10-09 22:53:01.047821,video,2,0.409570574760437,3,
2025-10-09 22:53:01.389232,video,0,0.7869753837585449,63,
2025-10-09 22:53:01.389232,video,0,0.7365558743476868,61,
2025-10-09 22:53:01.389232,video,2,0.4766693413257599,3,
2025-10-09 22:53:01.669178,video,0,0.7756620049476624,63,
2025-10-09 22:53:01.669178,video,0,0.7117171287536621,61,
2025-10-09 22:53:01.981479,video,0,0.762476921081543,63,
2025-10-09 22:53:01.981479,video,0,0.6242332458496094,61,
2025-10-09 22:53:01.981479,video,2,0.5033723711967468,3,
2025-10-09 22:53:02.356296,video,0,0.7749354243278503,63,
2025-10-09 22:53:02.356296,video,0,0.6101108193397522,61,
2025-10-09 22:53:02.356296,video,2,0.3832622766494751,3,
2025-10-09 22:53:02.356296,video,2,0.2554433047771454,4,
2025-10-09 22:53:02.672170,video,0,0.7515224814414978,63,
2025-10-09 22:53:02.672170,video,0,0.6237383484840393,61,
2025-10-09 22:53:02.672170,video,2,0.4894394278526306,3,
2025-10-09 22:53:02.972693,video,0,0.7699981927871704,63,
2025-10-09 22:53:02.972693,video,0,0.6938743591308594,61,
2025-10-09 22:53:02.972693,video,2,0.337624192237854,3,
2025-10-09 22:53:03.285559,video,0,0.8006520867347717,63,
2025-10-09 22:53:03.285559,video,0,0.743958055973053,61,
2025-10-09 22:53:03.285559,video,2,0.4659968614578247,4,
2025-10-09 22:53:03.619388,video,0,0.8023673892021179,63,
2025-10-09 22:53:03.619388,video,0,0.7463815808296204,61,
2025-10-09 22:53:03.619388,video,2,0.35050517320632935,3,
2025-10-09 22:53:03.619388,video,2,0.2531683146953583,66,
2025-10-09 22:53:03.909837,video,0,0.7680752277374268,63,
2025-10-09 22:53:03.909837,video,0,0.7503014206886292,61,
2025-10-09 22:53:04.224258,video,0,0.7745014429092407,63,
2025-10-09 22:53:04.224258,video,0,0.740283191204071,61,
2025-10-09 22:53:04.224258,video,0,0.2615567743778229,66,
2025-10-09 22:53:04.544741,video,0,0.736204981803894,63,
2025-10-09 22:53:04.544741,video,0,0.7030316591262817,61,
2025-10-09 22:53:04.544741,video,2,0.2964212894439697,3,
2025-10-09 22:53:04.872516,video,0,0.6906125545501709,63,
2025-10-09 22:53:04.872516,video,0,0.6831751465797424,61,
2025-10-09 22:53:04.872516,video,2,0.2942411005496979,3,
2025-10-09 22:53:05.175237,video,0,0.670453667640686,61,
2025-10-09 22:53:05.175237,video,0,0.6605389714241028,63,
2025-10-09 22:53:05.448125,video,0,0.6921406984329224,63,
2025-10-09 22:53:05.448125,video,0,0.6632106900215149,61,
2025-10-09 22:53:05.790574,video,0,0.6909422874450684,63,
2025-10-09 22:53:05.790574,video,0,0.6458976864814758,61,
2025-10-09 22:53:05.790574,video,2,0.42721259593963623,67,
2025-10-09 22:53:06.101400,video,0,0.7499567270278931,63,
2025-10-09 22:53:06.101400,video,0,0.6447750329971313,61,
2025-10-09 22:53:06.101400,video,2,0.25486069917678833,67,
2025-10-09 22:53:06.406042,video,0,0.8197041749954224,63,
2025-10-09 22:53:06.406042,video,0,0.6726275682449341,61,
2025-10-09 22:53:06.406042,video,1,0.6009742021560669,67,
2025-10-09 22:53:06.790625,video,0,0.795380175113678,63,
2025-10-09 22:53:06.790625,video,0,0.7372024655342102,61,
2025-10-09 22:53:06.790625,video,1,0.36736759543418884,67,
2025-10-09 22:53:06.790625,video,2,0.2700510025024414,3,
2025-10-09 22:53:07.122031,video,0,0.8186101913452148,63,
2025-10-09 22:53:07.122031,video,0,0.7840563058853149,61,
2025-10-09 22:53:07.122031,video,1,0.30821749567985535,67,
2025-10-09 22:53:07.441865,video,0,0.753044068813324,63,
2025-10-09 22:53:07.441865,video,0,0.7403553128242493,61,
2025-10-09 22:53:07.441865,video,1,0.48344549536705017,67,
2025-10-09 22:53:07.780237,video,0,0.7420117855072021,61,
2025-10-09 22:53:07.780237,video,0,0.7214016318321228,63,
2025-10-09 22:53:07.780237,video,2,0.2717292904853821,67,
2025-10-09 22:53:08.106947,video,0,0.7559998035430908,61,
2025-10-09 22:53:08.107944,video,0,0.7090944647789001,63,
2025-10-09 22:53:08.107944,video,1,0.4668107032775879,67,
2025-10-09 22:53:08.450365,video,0,0.8131442070007324,61,
2025-10-09 22:53:08.450365,video,0,0.7000112533569336,63,
2025-10-09 22:53:08.450365,video,2,0.39826470613479614,67,
2025-10-09 22:53:08.816043,video,0,0.8264315128326416,61,
2025-10-09 22:53:08.816043,video,0,0.7239440083503723,63,
2025-10-09 22:53:08.816043,video,1,0.483305960893631,67,
2025-10-09 22:53:09.145060,video,0,0.8184998035430908,61,
2025-10-09 22:53:09.145060,video,0,0.7420895099639893,63,
2025-10-09 22:53:09.145060,video,1,0.49446460604667664,67,
2025-10-09 22:53:09.484875,video,0,0.7817481756210327,61,
2025-10-09 22:53:09.484875,video,0,0.7145724296569824,63,
2025-10-09 22:53:09.484875,video,1,0.37886857986450195,67,
2025-10-09 22:53:09.765434,video,0,0.7926812767982483,63,
2025-10-09 22:53:09.765434,video,0,0.7303459048271179,61,
2025-10-09 22:53:10.051113,video,0,0.7352448105812073,63,
2025-10-09 22:53:10.051113,video,0,0.6917058229446411,61,
2025-10-09 22:53:10.338957,video,0,0.7256685495376587,63,
2025-10-09 22:53:10.338957,video,0,0.7161702513694763,61,
2025-10-09 22:53:10.627904,video,0,0.7017916440963745,63,
2025-10-09 22:53:10.627904,video,0,0.6341658234596252,61,
2025-10-09 23:10:22.821149,image,2,0.9001898169517517,68,
2025-10-09 23:10:22.821149,image,2,0.8820363879203796,69,
2025-10-09 23:10:22.821149,image,2,0.6308164000511169,70,
2025-10-09 23:10:22.821149,image,2,0.6276564002037048,67,
2025-10-09 23:10:22.821149,image,0,0.5373696684837341,71,
2025-10-09 23:10:22.821149,image,0,0.5109416842460632,72,
2025-10-09 23:10:22.821149,image,0,0.5039725303649902,73,
2025-10-09 23:10:22.821149,image,9,0.4714687168598175,74,
2025-10-09 23:10:22.821149,image,0,0.3908240795135498,75,
2025-10-09 23:10:22.821149,image,9,0.3125060200691223,76,
2025-10-09 23:10:22.821149,image,0,0.30613160133361816,77,
2025-10-09 23:11:15.314400,image,0,0.7397037148475647,78,
2025-10-09 23:11:15.314400,image,0,0.6500043272972107,79,
2025-10-09 23:11:15.314400,image,0,0.4776991903781891,80,
2025-10-09 23:13:18.236077,video,0,0.7459044456481934,81,
2025-10-09 23:13:18.236077,video,0,0.6284235715866089,82,
2025-10-09 23:13:18.236077,video,0,0.5599234700202942,83,
2025-10-09 23:13:18.236077,video,0,0.38871386647224426,84,
2025-10-09 23:13:18.236077,video,0,0.3146832287311554,85,
2025-10-09 23:13:19.139668,video,0,0.7334803342819214,81,
2025-10-09 23:13:19.139668,video,0,0.6792024970054626,82,
2025-10-09 23:13:19.139668,video,0,0.47344931960105896,83,
2025-10-09 23:13:19.139668,video,0,0.4214509129524231,84,
2025-10-09 23:13:20.217121,video,0,0.7298204898834229,81,
2025-10-09 23:13:20.217121,video,0,0.6668418645858765,82,
2025-10-09 23:13:20.217121,video,0,0.6053817868232727,83,
2025-10-09 23:13:20.217121,video,0,0.3580499589443207,84,
2025-10-09 23:13:21.220457,video,0,0.7018367052078247,82,
2025-10-09 23:13:21.220457,video,0,0.69560706615448,81,
2025-10-09 23:13:21.220457,video,0,0.5433794260025024,83,
2025-10-09 23:13:21.220457,video,0,0.5068104863166809,84,
2025-10-09 23:13:21.220457,video,0,0.33728721737861633,85,
2025-10-09 23:13:22.148674,video,0,0.7242938280105591,81,
2025-10-09 23:13:22.148674,video,0,0.5425367951393127,82,
2025-10-09 23:13:22.148674,video,0,0.45390796661376953,83,
2025-10-09 23:13:22.148674,video,0,0.41786444187164307,84,
2025-10-09 23:13:22.998336,video,0,0.7584847807884216,81,
2025-10-09 23:13:22.998336,video,0,0.7171189188957214,82,
2025-10-09 23:13:22.998336,video,0,0.5402662754058838,83,
2025-10-09 23:13:22.998336,video,0,0.4219376742839813,85,
2025-10-09 23:13:23.921104,video,0,0.7540079951286316,81,
2025-10-09 23:13:23.921104,video,0,0.6625034213066101,82,
2025-10-09 23:13:23.921104,video,0,0.3699888586997986,83,
2025-10-09 23:13:23.921104,video,0,0.3696553409099579,85,
2025-10-09 23:13:23.921104,video,0,0.3444898724555969,84,
2025-10-09 23:13:24.753416,video,0,0.7521613836288452,82,
2025-10-09 23:13:24.753416,video,0,0.7106343507766724,81,
2025-10-09 23:13:24.753416,video,0,0.5975316166877747,83,
2025-10-09 23:13:24.753416,video,0,0.3751031458377838,84,
2025-10-09 23:13:24.753416,video,0,0.35210496187210083,85,
2025-10-09 23:13:25.939903,video,0,0.7623031735420227,82,
2025-10-09 23:13:25.939903,video,0,0.7366995811462402,81,
2025-10-09 23:13:25.939903,video,0,0.6238250136375427,83,
2025-10-09 23:13:25.939903,video,0,0.34104102849960327,84,
2025-10-09 23:13:26.903269,video,0,0.7479044795036316,82,
2025-10-09 23:13:26.903269,video,0,0.7089228630065918,81,
2025-10-09 23:13:26.903269,video,0,0.6194329261779785,83,
2025-10-09 23:13:26.903269,video,0,0.4007571339607239,84,
2025-10-09 23:13:27.914571,video,0,0.7453505992889404,81,
2025-10-09 23:13:27.914571,video,0,0.6721809506416321,82,
2025-10-09 23:13:27.914571,video,0,0.4662380814552307,83,
2025-10-09 23:13:27.914571,video,0,0.4213460087776184,84,
2025-10-09 23:13:27.914571,video,0,0.35805544257164,85,
2025-10-09 23:13:29.072126,video,0,0.757319986820221,81,
2025-10-09 23:13:29.072126,video,0,0.6554393768310547,82,
2025-10-09 23:13:29.072126,video,0,0.5293760299682617,83,
2025-10-09 23:13:29.072126,video,0,0.37123602628707886,84,
2025-10-09 23:13:30.169206,video,0,0.769355058670044,81,
2025-10-09 23:13:30.169206,video,0,0.4313877820968628,83,
2025-10-09 23:13:30.169206,video,0,0.37063518166542053,84,
2025-10-09 23:13:30.169206,video,0,0.3322254419326782,85,
2025-10-09 23:13:30.169206,video,0,0.3077075183391571,82,
2025-10-09 23:13:31.016096,video,0,0.754138171672821,81,
2025-10-09 23:13:31.016096,video,0,0.6080698370933533,83,
2025-10-09 23:13:31.016096,video,0,0.3344913423061371,85,
2025-10-09 23:13:31.016096,video,0,0.31757020950317383,84,
2025-10-09 23:13:31.809043,video,0,0.7758937478065491,81,
2025-10-09 23:13:31.809043,video,0,0.4752800762653351,83,
2025-10-09 23:13:31.809043,video,0,0.3697209060192108,84,
2025-10-09 23:13:32.486096,video,0,0.7648881673812866,81,
2025-10-09 23:13:32.486096,video,0,0.5625993013381958,83,
2025-10-09 23:13:32.486096,video,0,0.3051998019218445,84,
2025-10-09 23:13:33.173761,video,0,0.7833404541015625,81,
2025-10-09 23:13:33.173761,video,0,0.6760629415512085,83,
2025-10-09 23:13:33.173761,video,0,0.3090827763080597,86,
2025-10-09 23:13:34.039302,video,0,0.7660086154937744,81,
2025-10-09 23:13:34.039302,video,0,0.6520886421203613,83,
2025-10-09 23:13:34.039302,video,0,0.4086688458919525,86,
2025-10-09 23:13:34.039302,video,0,0.3351480960845947,87,
2025-10-09 23:13:34.039302,video,0,0.32143503427505493,85,
2025-10-09 23:13:35.122814,video,0,0.7881746888160706,81,
2025-10-09 23:13:35.122814,video,0,0.6200549602508545,83,
2025-10-09 23:13:35.122814,video,0,0.4427464008331299,86,
2025-10-09 23:13:35.122814,video,0,0.4348126947879791,84,
2025-10-09 23:13:35.122814,video,0,0.43179628252983093,87,
2025-10-09 23:13:36.059549,video,0,0.7909635305404663,81,
2025-10-09 23:13:36.059549,video,0,0.6189925670623779,83,
2025-10-09 23:13:36.059549,video,0,0.45674291253089905,87,
2025-10-09 23:13:36.059549,video,0,0.41926538944244385,84,
2025-10-09 23:13:36.059549,video,0,0.32647356390953064,85,
2025-10-09 23:13:37.151141,video,0,0.7919403910636902,81,
2025-10-09 23:13:37.151141,video,0,0.6709463000297546,86,
2025-10-09 23:13:37.151141,video,0,0.53645920753479,87,
2025-10-09 23:13:37.151141,video,0,0.4921404719352722,85,
2025-10-09 23:13:37.151141,video,0,0.3194734454154968,83,
2025-10-09 23:13:38.102337,video,0,0.7859354615211487,81,
2025-10-09 23:13:38.102337,video,0,0.5168762803077698,86,
2025-10-09 23:13:38.102337,video,0,0.5052844882011414,87,
2025-10-09 23:13:38.102337,video,0,0.4623948335647583,84,
2025-10-09 23:13:38.102337,video,0,0.38531458377838135,85,
2025-10-09 23:13:38.102337,video,0,0.32834210991859436,83,
2025-10-09 23:13:39.130953,video,0,0.799517810344696,81,
2025-10-09 23:13:39.130953,video,0,0.6917401552200317,83,
2025-10-09 23:13:39.130953,video,0,0.601905882358551,86,
2025-10-09 23:13:39.130953,video,0,0.5397034287452698,87,
2025-10-09 23:13:39.130953,video,0,0.44235602021217346,84,
2025-10-09 23:13:39.130953,video,0,0.43974006175994873,85,
2025-10-09 23:13:45.516300,video,0,0.7459044456481934,88,
2025-10-09 23:13:45.516300,video,0,0.6284235715866089,89,
2025-10-09 23:13:45.516300,video,0,0.5599234700202942,90,
2025-10-09 23:13:46.549560,video,0,0.7334803342819214,88,
2025-10-09 23:13:46.549560,video,0,0.6792024970054626,89,
2025-10-09 23:13:47.774105,video,0,0.7298204898834229,88,
2025-10-09 23:13:47.774105,video,0,0.6668418645858765,89,
2025-10-09 23:13:47.774105,video,0,0.6053817868232727,90,
2025-10-09 23:13:48.545334,video,0,0.7018367052078247,89,
2025-10-09 23:13:48.545334,video,0,0.69560706615448,88,
2025-10-09 23:13:48.545334,video,0,0.5433794260025024,90,
2025-10-09 23:13:48.545334,video,0,0.5068104863166809,87,
2025-10-09 23:13:49.243050,video,0,0.7242938280105591,88,
2025-10-09 23:13:49.243050,video,0,0.5425367951393127,89,
2025-10-09 23:13:49.939239,video,0,0.7584847807884216,88,
2025-10-09 23:13:49.939239,video,0,0.7171189188957214,89,
2025-10-09 23:13:49.939239,video,0,0.5402662754058838,90,
2025-10-09 23:13:50.704485,video,0,0.7540079951286316,88,
2025-10-09 23:13:50.704485,video,0,0.6625034213066101,89,
2025-10-09 23:13:51.489828,video,0,0.7521613836288452,89,
2025-10-09 23:13:51.489828,video,0,0.7106343507766724,88,
2025-10-09 23:13:51.489828,video,0,0.5975316166877747,90,
2025-10-09 23:13:52.196260,video,0,0.7623031735420227,89,
2025-10-09 23:13:52.196260,video,0,0.7366995811462402,88,
2025-10-09 23:13:52.196260,video,0,0.6238250136375427,90,
2025-10-09 23:13:52.921296,video,0,0.7479044795036316,89,
2025-10-09 23:13:52.921296,video,0,0.7089228630065918,88,
2025-10-09 23:13:52.921296,video,0,0.6194329261779785,90,
2025-10-09 23:13:53.571093,video,0,0.7453505992889404,88,
2025-10-09 23:13:53.572098,video,0,0.6721809506416321,89,
2025-10-09 23:13:54.291364,video,0,0.757319986820221,88,
2025-10-09 23:13:54.291364,video,0,0.6554393768310547,82,
2025-10-09 23:13:54.291364,video,0,0.5293760299682617,90,
2025-10-09 23:13:55.041143,video,0,0.769355058670044,88,
2025-10-09 23:13:55.743514,video,0,0.754138171672821,88,
2025-10-09 23:13:55.743514,video,0,0.6080698370933533,90,
2025-10-09 23:13:56.531770,video,0,0.7758937478065491,88,
2025-10-09 23:13:57.493993,video,0,0.7648881673812866,88,
2025-10-09 23:13:57.493993,video,0,0.5625993013381958,90,
2025-10-09 23:13:58.306465,video,0,0.7833404541015625,88,
2025-10-09 23:13:58.306465,video,0,0.6760629415512085,90,
2025-10-09 23:13:59.100185,video,0,0.7660086154937744,88,
2025-10-09 23:13:59.100185,video,0,0.6520886421203613,90,
2025-10-09 23:14:00.122127,video,0,0.7881746888160706,88,
2025-10-09 23:14:00.122127,video,0,0.6200549602508545,90,
2025-10-09 23:14:01.086876,video,0,0.7909635305404663,88,
2025-10-09 23:14:01.086876,video,0,0.6189925670623779,90,
2025-10-09 23:14:01.932349,video,0,0.7919403910636902,88,
2025-10-09 23:14:01.932349,video,0,0.6709463000297546,86,
2025-10-09 23:14:01.932349,video,0,0.53645920753479,87,
2025-10-09 23:14:02.787364,video,0,0.7859354615211487,88,
2025-10-09 23:14:02.787364,video,0,0.5168762803077698,86,
2025-10-09 23:14:02.787364,video,0,0.5052844882011414,87,
2025-10-09 23:14:03.572091,video,0,0.799517810344696,81,
2025-10-09 23:14:03.572091,video,0,0.6917401552200317,83,
2025-10-09 23:14:03.572091,video,0,0.601905882358551,86,
2025-10-09 23:14:03.572091,video,0,0.5397034287452698,87,
2025-10-09 23:14:04.371447,video,0,0.8139849305152893,81,
2025-10-09 23:14:04.371447,video,0,0.6815836429595947,86,
2025-10-09 23:14:04.371447,video,0,0.5536388158798218,83,
2025-10-09 23:14:04.371447,video,0,0.5127734541893005,87,
2025-10-09 23:14:05.179363,video,0,0.7778909802436829,81,
2025-10-09 23:14:05.179363,video,0,0.670139491558075,83,
2025-10-09 23:14:05.179363,video,0,0.6324177384376526,86,
2025-10-09 23:14:05.903826,video,0,0.7485656142234802,83,
2025-10-09 23:14:05.903826,video,0,0.5175686478614807,86,
2025-10-09 23:14:06.703078,video,0,0.7083471417427063,83,
2025-10-09 23:14:06.703078,video,0,0.5460615754127502,86,
2025-10-09 23:14:06.703078,video,0,0.5066143274307251,87,
2025-10-09 23:14:06.703078,video,0,0.5031417012214661,84,
2025-10-09 23:14:07.463088,video,0,0.7309104204177856,83,
2025-10-09 23:14:07.463088,video,0,0.6308242082595825,86,
2025-10-09 23:14:07.463088,video,0,0.595231294631958,85,
2025-10-09 23:14:07.463088,video,0,0.573519229888916,87,
2025-10-09 23:14:08.188949,video,0,0.7060417532920837,83,
2025-10-09 23:14:08.188949,video,0,0.6219078898429871,86,
2025-10-09 23:14:08.188949,video,0,0.5418520569801331,85,
2025-10-09 23:14:09.034243,video,0,0.7245422005653381,83,
2025-10-09 23:14:09.034243,video,0,0.6847107410430908,86,
2025-10-09 23:14:09.034243,video,0,0.5719573497772217,85,
2025-10-09 23:14:10.208694,video,0,0.7636025547981262,83,
2025-10-09 23:14:10.208694,video,0,0.66299968957901,85,
2025-10-09 23:14:10.208694,video,0,0.6427209377288818,86,
2025-10-09 23:14:10.954787,video,0,0.7613429427146912,83,
2025-10-09 23:14:10.954787,video,0,0.6918030381202698,86,
2025-10-09 23:14:10.954787,video,0,0.6143079400062561,85,
